{
  "classification_report": {
    "Low": {
      "precision": 0.9243483788938335,
      "recall": 0.944769330734243,
      "f1-score": 0.9344473007712082,
      "support": 1539.0
    },
    "Moderate": {
      "precision": 0.9578231292517007,
      "recall": 0.9418060200668896,
      "f1-score": 0.9497470489038786,
      "support": 1495.0
    },
    "High": {
      "precision": 0.8842530282637954,
      "recall": 0.8789297658862876,
      "f1-score": 0.8815833612881583,
      "support": 1495.0
    },
    "accuracy": 0.9220578494148819,
    "macro avg": {
      "precision": 0.9221415121364432,
      "recall": 0.9218350388958068,
      "f1-score": 0.9219259036544151,
      "support": 4529.0
    },
    "weighted avg": {
      "precision": 0.9221629522197563,
      "recall": 0.9220578494148819,
      "f1-score": 0.9220475511424122,
      "support": 4529.0
    }
  },
  "confusion_matrix": [
    [
      1454,
      0,
      85
    ],
    [
      0,
      1408,
      87
    ],
    [
      119,
      62,
      1314
    ]
  ],
  "train_time_sec": 0.8896894000354223,
  "predict_time_sec": 0.0047150999889709055
}