{
  "classification_report": {
    "Low": {
      "precision": 0.9608220937700707,
      "recall": 0.9720597790773229,
      "f1-score": 0.9664082687338501,
      "support": 1539.0
    },
    "Moderate": {
      "precision": 0.9828296703296703,
      "recall": 0.9571906354515051,
      "f1-score": 0.9698407319552694,
      "support": 1495.0
    },
    "High": {
      "precision": 0.929419525065963,
      "recall": 0.9424749163879599,
      "f1-score": 0.9359016937894388,
      "support": 1495.0
    },
    "accuracy": 0.9573857363656436,
    "macro avg": {
      "precision": 0.9576904297219012,
      "recall": 0.9572417769722626,
      "f1-score": 0.957383564826186,
      "support": 4529.0
    },
    "weighted avg": {
      "precision": 0.9577208543671033,
      "recall": 0.9573857363656436,
      "f1-score": 0.957471241349025,
      "support": 4529.0
    }
  },
  "confusion_matrix": [
    [
      1496,
      0,
      43
    ],
    [
      0,
      1431,
      64
    ],
    [
      61,
      25,
      1409
    ]
  ],
  "train_time_sec": 5.580221899959724,
  "predict_time_sec": 0.35913120000623167
}