{
  "classification_report": {
    "Low": {
      "precision": 0.9909677419354839,
      "recall": 0.9980506822612085,
      "f1-score": 0.9944966008416963,
      "support": 1539.0
    },
    "Moderate": {
      "precision": 0.9986541049798116,
      "recall": 0.9926421404682274,
      "f1-score": 0.9956390472995639,
      "support": 1495.0
    },
    "High": {
      "precision": 0.9906229068988613,
      "recall": 0.9892976588628762,
      "f1-score": 0.9899598393574297,
      "support": 1495.0
    },
    "accuracy": 0.9933760211967322,
    "macro avg": {
      "precision": 0.9934149179380523,
      "recall": 0.9933301605307707,
      "f1-score": 0.9933651624995633,
      "support": 4529.0
    },
    "weighted avg": {
      "precision": 0.9933911432098312,
      "recall": 0.9933760211967322,
      "f1-score": 0.9933761546141701,
      "support": 4529.0
    }
  },
  "confusion_matrix": [
    [
      1536,
      0,
      3
    ],
    [
      0,
      1484,
      11
    ],
    [
      14,
      2,
      1479
    ]
  ],
  "train_time_sec": 0.5876371000194922,
  "predict_time_sec": 0.008544599986635149
}