{
  "classification_report": {
    "Low": {
      "precision": 0.9742599742599742,
      "recall": 0.9837556855100714,
      "f1-score": 0.9789848043970255,
      "support": 1539.0
    },
    "Moderate": {
      "precision": 0.9798387096774194,
      "recall": 0.9752508361204013,
      "f1-score": 0.9775393898759638,
      "support": 1495.0
    },
    "High": {
      "precision": 0.9583053127101546,
      "recall": 0.9531772575250836,
      "f1-score": 0.9557344064386318,
      "support": 1495.0
    },
    "accuracy": 0.9708544932656216,
    "macro avg": {
      "precision": 0.9708013322158493,
      "recall": 0.9707279263851855,
      "f1-score": 0.9707528669038736,
      "support": 4529.0
    },
    "weighted avg": {
      "precision": 0.9708349335075123,
      "recall": 0.9708544932656216,
      "f1-score": 0.9708328415670882,
      "support": 4529.0
    }
  },
  "confusion_matrix": [
    [
      1514,
      0,
      25
    ],
    [
      0,
      1458,
      37
    ],
    [
      40,
      30,
      1425
    ]
  ],
  "train_time_sec": 1.9124901999603026,
  "predict_time_sec": 0.02509820001432672
}