model,variant,accuracy,f1_score,roc_auc
logistic_regression,baseline,0.9933760211967322,0.9933651624995633,0.9999298643819986
logistic_regression,tuned,0.9964672113049238,0.9964540725205892,0.999968781956094
xgboost,baseline,0.9708544932656216,0.9707528669038736,0.9982088099245608
xgboost,tuned,0.9735040847869287,0.9734463586324735,0.9984999642661826
