{
  "classification_report": {
    "Low": {
      "precision": 0.9557291666666666,
      "recall": 0.9538661468486029,
      "f1-score": 0.9547967479674797,
      "support": 1539.0
    },
    "Moderate": {
      "precision": 0.9799307958477509,
      "recall": 0.9471571906354515,
      "f1-score": 0.963265306122449,
      "support": 1495.0
    },
    "High": {
      "precision": 0.9031007751937985,
      "recall": 0.9351170568561873,
      "f1-score": 0.9188301018731515,
      "support": 1495.0
    },
    "accuracy": 0.9454625745197616,
    "macro avg": {
      "precision": 0.946253579236072,
      "recall": 0.9453801314467473,
      "f1-score": 0.9456307186543601,
      "support": 4529.0
    },
    "weighted avg": {
      "precision": 0.9463456361684957,
      "recall": 0.9454625745197616,
      "f1-score": 0.9457197681773845,
      "support": 4529.0
    }
  },
  "confusion_matrix": [
    [
      1468,
      0,
      71
    ],
    [
      0,
      1416,
      79
    ],
    [
      68,
      29,
      1398
    ]
  ],
  "train_time_sec": 44.00067530001979,
  "predict_time_sec": 0.0421098000369966
}