class,n_samples,error_rate,accuracy
Moderate,1495,0.006020066889632081,0.9939799331103679
Low,1495,0.0033444816053511683,0.9966555183946488
High,1539,0.001299545159194282,0.9987004548408057
