Year,accuracy,n
2020,1.0,930
2021,0.9944196428571429,896
2022,0.9957446808510638,940
2023,0.9977703455964325,897
2024,0.9942263279445728,866
